source1_entity_id	matched_entity_ids
S1-T00000	S3-000001
S1-T00001	S2-000010,S3-000011
S1-T00002	S2-000020
S1-T00003	
S1-T00004	S3-000043
S1-T00005	S3-000051
S1-T00006	S2-000060
S1-T00007	S2-000072,S2-000074
S1-T00008	S2-000080,S3-000081
S1-T00009	S2-000092,S3-000091
S1-T00010	S2-000102,S3-000101
S1-T00011	S2-000110,S2-000112,S3-000113
S1-T00012	
S1-T00013	S2-000130
S1-T00014	S2-000140
S1-T00015	
S1-T00016	S2-000160
S1-T00017	S2-000170,S2-000172
S1-T00018	S2-000182,S3-000181
S1-T00019	S2-000190,S3-000191
S1-T00020	S2-000200
S1-T00021	S3-000213
S1-T00022	S2-000224,S3-000223
S1-T00023	S2-000232,S3-000233
S1-T00024	S3-000241
S1-T00025	S2-000252,S3-000251,S3-000253
S1-T00026	S2-000262,S3-000263
S1-T00027	
S1-T00028	
S1-T00029	S3-000291
S1-T00030	S2-000300,S2-000302
S1-T00031	S2-000310,S2-000314
S1-T00032	
S1-T00033	
S1-T00034	S2-000340,S2-000342
S1-T00035	
S1-T00036	S2-000360,S3-000363
S1-T00037	S2-000370,S3-000373
S1-T00038	S2-000380,S3-000383
S1-T00039	
S1-T00040	S2-000400,S3-000401
S1-T00041	S2-000410
S1-T00042	S2-000420,S2-000422
S1-T00043	
S1-T00044	S2-000444,S3-000441,S3-000443
S1-T00045	S2-000450,S3-000453
S1-T00046	S2-000460,S2-000464,S3-000465
S1-T00047	S2-000472
S1-T00048	S2-000482,S3-000483
S1-T00049	S2-000492,S3-000491
S1-T00050	S2-000502,S2-000504,S3-000501
S1-T00051	S2-000512,S3-000511,S3-000513
S1-T00052	S2-000520,S2-000524,S3-000523
S1-T00053	S2-000530
S1-T00054	S2-000540,S2-000542,S3-000541
S1-T00055	
S1-T00056	S3-000563
S1-T00057	S2-000572,S3-000573
S1-T00058	S2-000582,S3-000581,S3-000583
S1-T00059	S3-000591
S1-T00060	S3-000601
S1-T00061	S2-000610,S3-000611,S3-000613
S1-T00062	
S1-T00063	S2-000632,S2-000634
S1-T00064	S3-000643
S1-T00065	S2-000650,S2-000652,S3-000651
S1-T00066	S2-000660,S3-000661
S1-T00067	S2-000670,S2-000674,S3-000675
S1-T00068	S2-000680,S2-000684,S3-000681
S1-T00069	S2-000690,S2-000692,S3-000691
S1-T00070	S2-000700,S2-000704,S3-000703
S1-T00071	S3-000713
S1-T00072	S2-000722,S3-000721,S3-000723
S1-T00073	S2-000732,S3-000733
S1-T00074	S2-000742
S1-T00075	
S1-T00076	
S1-T00077	S3-000771
S1-T00078	S2-000780,S3-000781
S1-T00079	S3-000791
S1-T00080	S2-000800,S3-000801
S1-T00081	S2-000810
S1-T00082	S3-000821
S1-T00083	
S1-T00084	S2-000842
S1-T00085	S3-000851,S3-000853
S1-T00086	S2-000860,S2-000862
S1-T00087	S2-000870
S1-T00088	S2-000880,S2-000882,S3-000883
S1-T00089	
S1-T00090	S2-000902
S1-T00091	S3-000911
S1-T00092	S2-000922,S3-000921
S1-T00093	S2-000930,S3-000933
S1-T00094	S2-000940,S2-000942
S1-T00095	S2-000950,S2-000954,S3-000953
S1-T00096	S2-000960
S1-T00097	
S1-T00098	S2-000984,S3-000981,S3-000983
S1-T00099	S2-000990,S3-000993
S1-T00100	S2-001000,S2-001002
S1-T00101	S2-001010
S1-T00102	S3-001021
S1-T00103	S2-001030
S1-T00104	
S1-T00105	S2-001052,S2-001054,S3-001051
S1-T00106	S2-001060
S1-T00107	S2-001072,S3-001071
S1-T00108	S3-001081
S1-T00109	S2-001094,S3-001091,S3-001093
S1-T00110	S2-001102,S3-001101
S1-T00111	S2-001112
S1-T00112	S3-001123
S1-T00113	
S1-T00114	S2-001142,S2-001144
S1-T00115	S3-001151,S3-001153
S1-T00116	S2-001162,S3-001163
S1-T00117	S2-001170,S3-001171,S3-001173
S1-T00118	S3-001181
S1-T00119	S2-001192,S3-001193,S3-001195
S1-T00120	S2-001200
S1-T00121	S2-001210,S3-001211,S3-001213
S1-T00122	S3-001221
S1-T00123	S2-001230,S2-001232,S3-001233
S1-T00124	S2-001240,S2-001242,S3-001241
S1-T00125	S2-001250
S1-T00126	S2-001260,S3-001263
S1-T00127	S2-001270,S3-001271
S1-T00128	S2-001284,S3-001281,S3-001283
S1-T00129	S3-001291
S1-T00130	S2-001300,S3-001301,S3-001303
S1-T00131	S2-001310,S3-001311,S3-001315
S1-T00132	S2-001320,S3-001321
S1-T00133	S2-001334,S3-001331
S1-T00134	S2-001342,S3-001341
S1-T00135	S2-001350
S1-T00136	S2-001362
S1-T00137	
S1-T00138	S2-001380
S1-T00139	S3-001391
S1-T00140	S2-001400,S2-001404,S3-001403
S1-T00141	S2-001414,S3-001411
S1-T00142	S2-001422,S3-001421
S1-T00143	S2-001430
S1-T00144	S2-001440
S1-T00145	S2-001450,S2-001452,S3-001451
S1-T00146	S2-001460,S2-001462
S1-T00147	S3-001471,S3-001473
S1-T00148	S2-001480,S3-001481
S1-T00149	S2-001490,S2-001492
S1-T00150	S2-001500,S2-001502
S1-T00151	S2-001510,S2-001514
S1-T00152	S2-001522,S3-001521
S1-T00153	S2-001532,S2-001534
S1-T00154	
S1-T00155	S2-001552,S3-001553
S1-T00156	
S1-T00157	S2-001574,S3-001571,S3-001575
S1-T00158	S2-001584,S3-001583
S1-T00159	S2-001590,S2-001592
S1-T00160	S2-001600,S2-001602
S1-T00161	S2-001612,S2-001614,S3-001611
S1-T00162	
S1-T00163	S2-001630,S3-001631
S1-T00164	S2-001640,S2-001642,S3-001641
S1-T00165	S2-001650,S2-001652,S3-001653
S1-T00166	S2-001660,S2-001664
S1-T00167	S2-001672,S3-001673
S1-T00168	S2-001680
S1-T00169	S3-001693
S1-T00170	S3-001701
S1-T00171	S2-001710,S3-001711,S3-001713
S1-T00172	S2-001720
S1-T00173	S2-001732,S3-001731
S1-T00174	S2-001742,S3-001743
S1-T00175	S2-001750
S1-T00176	S2-001762,S3-001761,S3-001763
S1-T00177	S2-001770,S3-001771
S1-T00178	S2-001782,S3-001783
S1-T00179	S3-001791,S3-001793
S1-T00180	S2-001800,S3-001803
S1-T00181	S2-001810,S2-001812,S3-001811
S1-T00182	S2-001820,S2-001822
S1-T00183	
S1-T00184	S2-001840
S1-T00185	S2-001850,S2-001852,S3-001853
S1-T00186	S2-001862,S3-001863
S1-T00187	S2-001870
S1-T00188	S2-001882
S1-T00189	S2-001892,S2-001894
S1-T00190	S3-001903
S1-T00191	S2-001910
S1-T00192	S2-001922,S3-001923
S1-T00193	S2-001930,S3-001931
S1-T00194	S2-001942
S1-T00195	S3-001953
S1-T00196	S2-001960,S2-001962
S1-T00197	S2-001970,S2-001972,S2-001974
S1-T00198	S2-001980,S2-001982,S3-001983
S1-T00199	S2-001990,S2-001992
S1-T00200	S2-002000,S2-002002,S3-002001
S1-T00201	S2-002010,S2-002012
S1-T00202	S2-002022,S3-002023
S1-T00203	S2-002030,S3-002033
S1-T00204	S2-002042,S3-002041
S1-T00205	S3-002051,S3-002053
S1-T00206	S2-002060,S2-002064
S1-T00207	S2-002070,S2-002074,S3-002073
S1-T00208	S2-002082
S1-T00209	S3-002093
S1-T00210	S2-002100,S3-002103
S1-T00211	S3-002111
S1-T00212	S2-002120,S2-002122
S1-T00213	
S1-T00214	S3-002141
S1-T00215	S2-002152
S1-T00216	S2-002162
S1-T00217	
S1-T00218	S2-002182
S1-T00219	S2-002192,S3-002191,S3-002195
S1-T00220	S2-002200,S2-002202
S1-T00221	S2-002210,S2-002214,S3-002215
S1-T00222	S2-002222,S3-002223
S1-T00223	S2-002230,S2-002232
S1-T00224	S3-002241
S1-T00225	S2-002254,S3-002251
S1-T00226	
S1-T00227	S2-002270,S3-002273
S1-T00228	
S1-T00229	S2-002292,S3-002291
S1-T00230	S2-002300,S3-002301,S3-002303
S1-T00231	S2-002314,S3-002313
S1-T00232	S2-002322,S2-002324,S3-002325
S1-T00233	
S1-T00234	S2-002340,S3-002343
S1-T00235	S2-002352,S3-002351,S3-002353
S1-T00236	S3-002361
S1-T00237	S3-002371
S1-T00238	S2-002380
S1-T00239	S3-002391
S1-T00240	S2-002402,S3-002403
S1-T00241	S2-002410
S1-T00242	S3-002421,S3-002423
S1-T00243	S2-002430
S1-T00244	S2-002440
S1-T00245	S2-002450,S3-002451,S3-002453
S1-T00246	S2-002464,S3-002463
S1-T00247	S2-002472,S3-002471,S3-002473
S1-T00248	S2-002482
S1-T00249	S2-002492,S3-002491
S1-T00250	S2-002502,S3-002501,S3-002503
S1-T00251	S2-002510,S2-002512,S3-002511
S1-T00252	
S1-T00253	
S1-T00254	S2-002540,S3-002541,S3-002543
S1-T00255	S2-002550,S3-002553
S1-T00256	S3-002561
S1-T00257	S2-002572,S3-002571
S1-T00258	S2-002580
S1-T00259	S3-002591,S3-002593
S1-T00260	S2-002602,S2-002604
S1-T00261	S3-002611
S1-T00262	S2-002620,S3-002623
S1-T00263	S2-002632,S3-002631
S1-T00264	S2-002642,S3-002641
S1-T00265	S2-002650,S3-002651
S1-T00266	S2-002660,S2-002662,S2-002664
S1-T00267	S2-002670,S3-002671
S1-T00268	S2-002680
S1-T00269	S2-002690,S2-002692,S2-002694
S1-T00270	S3-002701
S1-T00271	S2-002712,S3-002713
S1-T00272	S2-002720,S3-002721,S3-002723
S1-T00273	S3-002731
S1-T00274	S2-002742
S1-T00275	S2-002752,S2-002754,S3-002755
S1-T00276	S2-002760,S3-002763
S1-T00277	S2-002770,S3-002771
S1-T00278	
S1-T00279	
S1-T00280	S2-002800,S2-002802
S1-T00281	S2-002810,S2-002814,S3-002813
S1-T00282	S2-002822,S3-002821,S3-002823
S1-T00283	S2-002832,S3-002831,S3-002833
S1-T00284	S2-002842,S3-002843
S1-T00285	S2-002850,S2-002852,S3-002851
S1-T00286	
S1-T00287	S3-002871,S3-002873
S1-T00288	S2-002880
S1-T00289	S2-002890,S2-002892,S2-002894
S1-T00290	S2-002900,S2-002902,S3-002905
S1-T00291	S2-002912
S1-T00292	S2-002922,S3-002921
S1-T00293	S2-002932,S3-002931
S1-T00294	S3-002941,S3-002943
S1-T00295	S2-002950,S2-002952
S1-T00296	S2-002960,S2-002962,S3-002965
S1-T00297	S2-002970
S1-T00298	S2-002980,S2-002982,S3-002983
S1-T00299	S3-002991
S1-T00300	S2-003000,S3-003003
S1-T00301	S2-003012,S2-003014,S3-003015
S1-T00302	S2-003020,S2-003022
S1-T00303	S2-003034,S3-003031
S1-T00304	S3-003041
S1-T00305	S2-003054,S3-003053
S1-T00306	S2-003060
S1-T00307	S2-003072,S3-003071
S1-T00308	S2-003080,S2-003082
S1-T00309	S2-003092,S3-003093
S1-T00310	S3-003101
S1-T00311	S2-003110,S2-003112,S3-003111
S1-T00312	S2-003120,S2-003122
S1-T00313	S2-003132,S3-003131
S1-T00314	S2-003142,S3-003141,S3-003143
S1-T00315	S2-003150,S2-003152,S2-003154
S1-T00316	S2-003160
S1-T00317	S2-003170,S3-003173,S3-003175
S1-T00318	S2-003182,S3-003181,S3-003183
S1-T00319	S2-003192,S3-003191
S1-T00320	S3-003203
S1-T00321	S3-003211,S3-003213
S1-T00322	S2-003220
S1-T00323	S2-003230,S2-003232
S1-T00324	S2-003242,S3-003241
S1-T00325	S2-003252,S3-003251
S1-T00326	S3-003263
S1-T00327	S2-003270,S2-003272
S1-T00328	S2-003280,S3-003281,S3-003283
S1-T00329	S2-003294,S3-003293,S3-003295
S1-T00330	S3-003301,S3-003303
S1-T00331	S2-003312,S3-003311,S3-003313
S1-T00332	S3-003321
S1-T00333	
S1-T00334	S2-003344,S3-003341,S3-003343
S1-T00335	S2-003350,S2-003354,S3-003353
S1-T00336	S2-003362
S1-T00337	S3-003371
S1-T00338	
S1-T00339	S2-003390,S3-003391
S1-T00340	S2-003400,S2-003404
S1-T00341	S2-003412
S1-T00342	S2-003420,S3-003421,S3-003423
S1-T00343	S2-003432,S3-003431
S1-T00344	S2-003440,S2-003442,S3-003443
S1-T00345	S2-003450,S3-003451,S3-003453
S1-T00346	S2-003464,S3-003461,S3-003465
S1-T00347	S2-003470
S1-T00348	S3-003483
S1-T00349	S2-003492
S1-T00350	S2-003504,S3-003501
S1-T00351	S3-003511
S1-T00352	S2-003520
S1-T00353	S2-003530,S2-003532
S1-T00354	S2-003540,S3-003543
S1-T00355	S2-003550,S3-003553
S1-T00356	S3-003561
S1-T00357	S2-003572,S2-003574
S1-T00358	
S1-T00359	S3-003593
S1-T00360	S2-003600,S3-003603
S1-T00361	S3-003611,S3-003613
S1-T00362	S2-003620,S3-003621
S1-T00363	S2-003634,S3-003631
S1-T00364	
S1-T00365	S2-003652
S1-T00366	S2-003660
S1-T00367	S2-003670,S2-003672
S1-T00368	S2-003680,S2-003682,S3-003681
S1-T00369	S2-003690,S2-003692
S1-T00370	S2-003702
S1-T00371	S3-003711,S3-003713
S1-T00372	S3-003721
S1-T00373	S2-003732,S3-003731,S3-003733
S1-T00374	S2-003740,S3-003741
S1-T00375	S2-003754,S3-003751,S3-003753
S1-T00376	S2-003760,S2-003762,S3-003761
S1-T00377	S2-003770,S3-003771
S1-T00378	S3-003781
S1-T00379	S3-003791
S1-T00380	S2-003802,S3-003801,S3-003803
S1-T00381	S3-003811
S1-T00382	S3-003821
S1-T00383	S2-003830,S2-003834,S3-003833
S1-T00384	S2-003840,S2-003842
S1-T00385	S2-003850,S3-003851
S1-T00386	S3-003863
S1-T00387	S2-003870,S3-003871
S1-T00388	S3-003881,S3-003883
S1-T00389	S3-003891
S1-T00390	
S1-T00391	
S1-T00392	S2-003920,S3-003921
S1-T00393	S3-003931
S1-T00394	S3-003943
S1-T00395	
S1-T00396	S2-003960,S2-003962,S3-003963
S1-T00397	S3-003971
S1-T00398	S2-003980,S2-003982,S3-003983
S1-T00399	
